"url","author.x","date.x","timestamp.x","title","text","subreddit","score.x","upvotes.x","downvotes.x","up_ratio","total_awards_received","golds.x","cross_posts","comments","author.y","date.y","timestamp.y","score.y","upvotes.y","downvotes.y","golds.y","comment","comment_id"
"https://www.reddit.com/r/circlejerk/comments/tjv3hl/i_mean_he_said_it/","[deleted]","2022-03-22",1647924333,"I mean he said it&","","circlejerk",0,0,0,0.32,0,0,0,6,"AutoModerator","2022-03-22",1647924334,1,1,0,0,"This post sponsored by [Circlejerk discord](https://discord.gg/0wa8Ct08N5SuehqX). Suck my nuts assholes!

*I am a bot, and this action was performed automatically. Please [contact the moderators of this subreddit](/message/compose/?to=/r/circlejerk) if you have any questions or concerns.*","1"
"https://www.reddit.com/r/circlejerk/comments/tjv3hl/i_mean_he_said_it/","[deleted]","2022-03-22",1647924333,"I mean he said it&","","circlejerk",0,0,0,0.32,0,0,0,6,"Ok-Pomegranate-7811","2022-03-22",1647964352,3,3,0,0,"Way to post this without any context whatsoever. The kid made a shitpost. Get over it.","2"
"https://www.reddit.com/r/circlejerk/comments/tjv3hl/i_mean_he_said_it/","[deleted]","2022-03-22",1647924333,"I mean he said it&","","circlejerk",0,0,0,0.32,0,0,0,6,"MrS4t0N15","2022-03-22",1647942124,2,2,0,0,"Lmao Id get off the sensitive high horse its not even that really edgy of a joke","3"
"https://www.reddit.com/r/circlejerk/comments/tjv3hl/i_mean_he_said_it/","[deleted]","2022-03-22",1647924333,"I mean he said it&","","circlejerk",0,0,0,0.32,0,0,0,6,"noah7774","2022-03-22",1647970579,2,2,0,0,"Damn he deleted his whole profile over this thats crazy","4"
"https://www.reddit.com/r/circlejerk/comments/tjv3hl/i_mean_he_said_it/","[deleted]","2022-03-22",1647924333,"I mean he said it&","","circlejerk",0,0,0,0.32,0,0,0,6,"not_Jellydogsterio","2022-03-22",1647970637,1,1,0,0,"look at my profile","4_1"
"https://www.reddit.com/r/circlejerk/comments/tjv3hl/i_mean_he_said_it/","[deleted]","2022-03-22",1647924333,"I mean he said it&","","circlejerk",0,0,0,0.32,0,0,0,6,"noah7774","2022-03-22",1647970737,1,1,0,0,"Yeah I saw yours this morning and have been lowkey judging the dude, I looked through his shit this morning and then saw another post so I came back and dude had deleted his profile","4_1_1"
"https://www.reddit.com/r/circlejerk/comments/tkm079/private_to_mods_about_my_requested_boost_did_i/","hickfield","2022-03-23",1648009948,"(private) to Mods about my requested boost: Did I mention my friend GEORGE WA$HINGTON? Also please ignore my earlier threats and abusive language","","circlejerk",3,3,0,1,0,0,0,1,"AutoModerator","2022-03-23",1648009949,1,1,0,0,"This post sponsored by [Circlejerk discord](https://discord.gg/0wa8Ct08N5SuehqX). Suck my nuts assholes!

*I am a bot, and this action was performed automatically. Please [contact the moderators of this subreddit](/message/compose/?to=/r/circlejerk) if you have any questions or concerns.*","1"
"https://www.reddit.com/r/circlejerk/comments/tkvs2k/a_friend_of_mine_made_a_claim_that_hawaii_wasnt_a/","Ronnic_the_dumb","2022-03-23",1648047402,"A friend of mine made a claim that Hawaii wasnt a part of North America, so Im marking a poll to see if hes right or not","Is Hawaii part of North America

[View Poll](https://www.reddit.com/poll/tkvs2k)","circlejerk",3,3,0,0.8,0,0,0,5,"AutoModerator","2022-03-23",1648047403,1,1,0,0,"This post sponsored by [Circlejerk discord](https://discord.gg/0wa8Ct08N5SuehqX). Suck my nuts assholes!

*I am a bot, and this action was performed automatically. Please [contact the moderators of this subreddit](/message/compose/?to=/r/circlejerk) if you have any questions or concerns.*","1"
"https://www.reddit.com/r/circlejerk/comments/tkvs2k/a_friend_of_mine_made_a_claim_that_hawaii_wasnt_a/","Ronnic_the_dumb","2022-03-23",1648047402,"A friend of mine made a claim that Hawaii wasnt a part of North America, so Im marking a poll to see if hes right or not","Is Hawaii part of North America

[View Poll](https://www.reddit.com/poll/tkvs2k)","circlejerk",3,3,0,0.8,0,0,0,5,"telepathicavocado","2022-03-23",1648049833,4,4,0,0,"Politically yes, but geographically and culturally, its more in the polynesian area.","2"
"https://www.reddit.com/r/circlejerk/comments/tkvs2k/a_friend_of_mine_made_a_claim_that_hawaii_wasnt_a/","Ronnic_the_dumb","2022-03-23",1648047402,"A friend of mine made a claim that Hawaii wasnt a part of North America, so Im marking a poll to see if hes right or not","Is Hawaii part of North America

[View Poll](https://www.reddit.com/poll/tkvs2k)","circlejerk",3,3,0,0.8,0,0,0,5,"luca_cinnam00n","2022-03-23",1648050139,2,2,0,0,"b-but hawaii is in oceania?????????????","3"
"https://www.reddit.com/r/circlejerk/comments/tkvs2k/a_friend_of_mine_made_a_claim_that_hawaii_wasnt_a/","Ronnic_the_dumb","2022-03-23",1648047402,"A friend of mine made a claim that Hawaii wasnt a part of North America, so Im marking a poll to see if hes right or not","Is Hawaii part of North America

[View Poll](https://www.reddit.com/poll/tkvs2k)","circlejerk",3,3,0,0.8,0,0,0,5,"WhimsicalWorries","2022-03-23",1648047724,1,1,0,0,"Seems like it's worth a google","4"
"https://www.reddit.com/r/circlejerk/comments/tl61aw/you_get_unlimited_freedom_fries_eat_up_you_fat/","Boinkboink420","2022-03-23",1648059888,"You Get Unlimited Freedom Fries. Eat Up You Fat Fuck.","","circlejerk",2,2,0,0.67,0,0,0,1,"AutoModerator","2022-03-23",1648059888,1,1,0,0,"This post sponsored by [Circlejerk discord](https://discord.gg/0wa8Ct08N5SuehqX). Suck my nuts assholes!

*I am a bot, and this action was performed automatically. Please [contact the moderators of this subreddit](/message/compose/?to=/r/circlejerk) if you have any questions or concerns.*","1"
"https://www.reddit.com/r/circlejerk/comments/tndc45/who_smoked_my_weed/","Hasthefeelinggone","2022-03-25",1648180082,"who smoked my weed?","Listen dude, i know you had your friends over last night while i was pulling a double. Which one of you little stinkers smoked all my weed? You know that stuff isn't cheap.","circlejerk",3,3,0,0.72,0,0,0,2,"AutoModerator","2022-03-25",1648180082,1,1,0,0,"This post sponsored by [Circlejerk discord](https://discord.gg/0wa8Ct08N5SuehqX). Suck my nuts assholes!

*I am a bot, and this action was performed automatically. Please [contact the moderators of this subreddit](/message/compose/?to=/r/circlejerk) if you have any questions or concerns.*","1"
"https://www.reddit.com/r/circlejerk/comments/tndc45/who_smoked_my_weed/","Hasthefeelinggone","2022-03-25",1648180082,"who smoked my weed?","Listen dude, i know you had your friends over last night while i was pulling a double. Which one of you little stinkers smoked all my weed? You know that stuff isn't cheap.","circlejerk",3,3,0,0.72,0,0,0,2,"WizardRidingDinosaur","2022-03-25",1648187517,1,1,0,0,"Bro, I think some of my weed fell into some of your weed, annnddd I wasnt sure until I smoked it.","2"
"https://www.reddit.com/r/circlejerk/comments/tojyqb/sex/","ApostropheLetterS","2022-03-26",1648282423,"sex","","circlejerk",3,3,0,0.8,0,0,0,4,"AutoModerator","2022-03-26",1648282423,1,1,0,0,"This post sponsored by [Circlejerk discord](https://discord.gg/0wa8Ct08N5SuehqX). Suck my nuts assholes!

*I am a bot, and this action was performed automatically. Please [contact the moderators of this subreddit](/message/compose/?to=/r/circlejerk) if you have any questions or concerns.*","1"
"https://www.reddit.com/r/circlejerk/comments/tojyqb/sex/","ApostropheLetterS","2022-03-26",1648282423,"sex","","circlejerk",3,3,0,0.8,0,0,0,4,"ksnumedia","2022-03-26",1648284995,3,3,0,0,"Describe it with only a video of your wife having sex","2"
"https://www.reddit.com/r/circlejerk/comments/tojyqb/sex/","ApostropheLetterS","2022-03-26",1648282423,"sex","","circlejerk",3,3,0,0.8,0,0,0,4,"Miss_pechorat","2022-03-26",1648293069,2,2,0,0,"His wife might be the reason why OP hasn't got any sex.","2_1"
"https://www.reddit.com/r/circlejerk/comments/tojyqb/sex/","ApostropheLetterS","2022-03-26",1648282423,"sex","","circlejerk",3,3,0,0.8,0,0,0,4,"[deleted]","2022-03-27",1648365163,1,1,0,0,"Gross","3"
